dev10092022_99@yopmail.com,devapi.recruitcrm.io,2bd6df57f2026f0db08171e0e59f9fb8,v1,1
dev10092022_98@yopmail.com,devapi.recruitcrm.io,241ea0abae06709e338dadbd2628a8cb,v1,2
dev10092022_97@yopmail.com,devapi.recruitcrm.io,845a7877c907b78b1a9359ab2b3c2976,v1,3
dev10092022_96@yopmail.com,devapi.recruitcrm.io,dd3abf1550ae5c3dbaf56d78eaa681c4,v1,4
dev10092022_95@yopmail.com,devapi.recruitcrm.io,2aca77d8a1d53af56bd60dafabfc73b0,v1,5
dev10092022_94@yopmail.com,devapi.recruitcrm.io,1b5614083788918b007a6c198fc4b9b8,v1,6
dev10092022_93@yopmail.com,devapi.recruitcrm.io,f2db2297dc470c846e8853bef399e6aa,v1,7
dev10092022_92@yopmail.com,devapi.recruitcrm.io,07b1c6ab25c1ffcfe3e6b338da0870a0,v1,8
dev10092022_91@yopmail.com,devapi.recruitcrm.io,b3e8a3fd866b1e40e62514c0365148ca,v1,9
dev10092022_90@yopmail.com,devapi.recruitcrm.io,886e094490aca4c04e024ba5f82b9159,v1,10
dev10092022_9@yopmail.com,devapi.recruitcrm.io,cd9d5b7e040851b3402a20767f63d299,v1,11
dev10092022_89@yopmail.com,devapi.recruitcrm.io,468b4278604148b800148ddd62031e93,v1,12
dev10092022_88@yopmail.com,devapi.recruitcrm.io,c5aa01570322104ccc831b8cc3b4b3a8,v1,13
dev10092022_87@yopmail.com,devapi.recruitcrm.io,7551f28830b2a4eb45c1d7d14f5f5e46,v1,14
dev10092022_86@yopmail.com,devapi.recruitcrm.io,20bb527dbb3a8434e6c4bf3908abeab0,v1,15
dev10092022_85@yopmail.com,devapi.recruitcrm.io,a607a9353649493099e7e68dcd4992fa,v1,16
dev10092022_84@yopmail.com,devapi.recruitcrm.io,b0a9babb6e5f0e3d76b069793dfe2b17,v1,17
dev10092022_83@yopmail.com,devapi.recruitcrm.io,1ba32bc3eebb6a9718750b860e7ae7c8,v1,18
dev10092022_82@yopmail.com,devapi.recruitcrm.io,48be3126ec02c6fb3a6203640e440d8c,v1,19
dev10092022_81@yopmail.com,devapi.recruitcrm.io,094746b0e48df220f928db6886e38701,v1,20
dev10092022_80@yopmail.com,devapi.recruitcrm.io,191ee509437738b7127a39856c312a12,v1,21
dev10092022_8@yopmail.com,devapi.recruitcrm.io,cf013a236e04ef659d1fc86c09f6e21d,v1,22
dev10092022_79@yopmail.com,devapi.recruitcrm.io,409f4fa1857426eca140620ef3be7157,v1,23
dev10092022_78@yopmail.com,devapi.recruitcrm.io,9569c23771b291f25a14e64d2778b052,v1,24
dev10092022_77@yopmail.com,devapi.recruitcrm.io,e5aca4dd8b78b5f756daaf8987774fa1,v1,25
dev10092022_76@yopmail.com,devapi.recruitcrm.io,d1a3fbc48d2b8cf0474c0dee9fed6712,v1,26
dev10092022_75@yopmail.com,devapi.recruitcrm.io,42587798b19b64437e73946ce170c674,v1,27
dev10092022_74@yopmail.com,devapi.recruitcrm.io,510c3b549853f96d2b53d98465a4dc7a,v1,28
dev10092022_73@yopmail.com,devapi.recruitcrm.io,19f34700b620530d725c875927eac985,v1,29
dev10092022_72@yopmail.com,devapi.recruitcrm.io,84fa41bd340fcd73145eadc9129840d7,v1,30
dev10092022_71@yopmail.com,devapi.recruitcrm.io,9a926d266bf09b09074661995796a356,v1,31
dev10092022_70@yopmail.com,devapi.recruitcrm.io,ee4338157f9723290c430468655f7e90,v1,32
dev10092022_7@yopmail.com,devapi.recruitcrm.io,919fb14499e147d361581df622029209,v1,33
dev10092022_69@yopmail.com,devapi.recruitcrm.io,51a5dda7f0e2a353c9fbe7df57093dd0,v1,34
dev10092022_68@yopmail.com,devapi.recruitcrm.io,059ddca8046e34f324930586d1ae5186,v1,35
dev10092022_67@yopmail.com,devapi.recruitcrm.io,6c851f5eb852beed73277ece93cc7ace,v1,36
dev10092022_66@yopmail.com,devapi.recruitcrm.io,67223f60f25d6c4a7577347f55c56d77,v1,37
dev10092022_65@yopmail.com,devapi.recruitcrm.io,d3f37b802e2ae67d7b580d2c2a4c18b8,v1,38
dev10092022_64@yopmail.com,devapi.recruitcrm.io,26a3f855cc3ad139f1a84b04c6e7891d,v1,39
dev10092022_63@yopmail.com,devapi.recruitcrm.io,49b9a9ad0049fe723a0de6f374429352,v1,40
dev10092022_62@yopmail.com,devapi.recruitcrm.io,26a9fe73854aab384ec026d616dfef70,v1,41
dev10092022_61@yopmail.com,devapi.recruitcrm.io,8d5d934ebd34d7e1543aba4c17d191cd,v1,42
dev10092022_60@yopmail.com,devapi.recruitcrm.io,6485d1a34bfdb7186eee16475afa7943,v1,43
dev10092022_6@yopmail.com,devapi.recruitcrm.io,3142bf28a65ca32a9ea943c2b946ae0c,v1,44
dev10092022_59@yopmail.com,devapi.recruitcrm.io,59b6969a90a4e2b8a2853211ba7c3976,v1,45
dev10092022_58@yopmail.com,devapi.recruitcrm.io,9b31172c193b6054c2efbe3416bbec8c,v1,46
dev10092022_57@yopmail.com,devapi.recruitcrm.io,4ca642f5b3534268f96777ab4a08337d,v1,47
dev10092022_56@yopmail.com,devapi.recruitcrm.io,884b225a79808093efabbc6719280e65,v1,48
dev10092022_55@yopmail.com,devapi.recruitcrm.io,795e42d9ff633869f0dc72236b5f281f,v1,49
dev10092022_54@yopmail.com,devapi.recruitcrm.io,80e85d2578ff585882966218686b64e2,v1,50
dev10092022_53@yopmail.com,devapi.recruitcrm.io,af7cc078fbd6d8af7250178a90bd0182,v1,51
dev10092022_52@yopmail.com,devapi.recruitcrm.io,1ab42b6c38018a76c0704726088f0799,v1,52
dev10092022_51@yopmail.com,devapi.recruitcrm.io,f261576f3d318fde356818e4ad90a730,v1,53
dev10092022_50@yopmail.com,devapi.recruitcrm.io,b469e22d20d43c04dfd6770b348879e1,v1,54
dev10092022_5@yopmail.com,devapi.recruitcrm.io,218a2faf5f557b3017539c1be59218a8,v1,55
dev10092022_49@yopmail.com,devapi.recruitcrm.io,a032636b0dab32dafc34e5585cccaee5,v1,56
dev10092022_48@yopmail.com,devapi.recruitcrm.io,44f0c76047da0a98f13bdfe644b50046,v1,57
dev10092022_47@yopmail.com,devapi.recruitcrm.io,bedc756ba2b29361e94f45a46e3f0f99,v1,58
dev10092022_46@yopmail.com,devapi.recruitcrm.io,e4952c345441c732cbcd954482b71d9b,v1,59
dev10092022_45@yopmail.com,devapi.recruitcrm.io,285e852db47ebd18d129dcdd01441a63,v1,60
dev10092022_44@yopmail.com,devapi.recruitcrm.io,e9a65a65270cd719e4a60420be5b46a8,v1,61
dev10092022_43@yopmail.com,devapi.recruitcrm.io,e3f64eed5e5c5d4b0e145ed92b3f269a,v1,62
dev10092022_42@yopmail.com,devapi.recruitcrm.io,4375a87486b3baf32db9f975b2a0358b,v1,63
dev10092022_41@yopmail.com,devapi.recruitcrm.io,556daebef0003e2ee0f0b6903ca7eb2c,v1,64
dev10092022_40@yopmail.com,devapi.recruitcrm.io,84964409405c419435fd5c47e1cfd3fb,v1,65
dev10092022_4@yopmail.com,devapi.recruitcrm.io,9343a4a2e1d377a902d11cfc85d86739,v1,66
dev10092022_39@yopmail.com,devapi.recruitcrm.io,2e5efb31b63a2926ca293cae4b3bf017,v1,67
dev10092022_38@yopmail.com,devapi.recruitcrm.io,f5b1760836fab1cee74a75fce24e7d42,v1,68
dev10092022_37@yopmail.com,devapi.recruitcrm.io,a63929d1f7524f6f0c4c408716e032c7,v1,69
dev10092022_36@yopmail.com,devapi.recruitcrm.io,9339602b84f62efc8e04a0d5a063ac96,v1,70
dev10092022_35@yopmail.com,devapi.recruitcrm.io,c93d743eb649f2f9e0cecc41cf6b86d5,v1,71
dev10092022_34@yopmail.com,devapi.recruitcrm.io,11a9a91289f0639d1b317d9f3d93682e,v1,72
dev10092022_33@yopmail.com,devapi.recruitcrm.io,e8c37344bda3504883ffaff06548d2b1,v1,73
dev10092022_32@yopmail.com,devapi.recruitcrm.io,9d7e767283bd2f25cd4b60c7189d88bb,v1,74
dev10092022_31@yopmail.com,devapi.recruitcrm.io,17770c93a994471251f23d98f35563b6,v1,75
dev10092022_300@yopmail.com,devapi.recruitcrm.io,355747c748dbbcd067ec54e103ade845,v1,76
dev10092022_30@yopmail.com,devapi.recruitcrm.io,bae7a5a668f5c89e5a59058f1727204b,v1,77
dev10092022_3@yopmail.com,devapi.recruitcrm.io,565bdba5bf944247a495c85a5745da09,v1,78
dev10092022_299@yopmail.com,devapi.recruitcrm.io,4ed5ce9c2a6434c285266cbb045a9f41,v1,79
dev10092022_298@yopmail.com,devapi.recruitcrm.io,9c89bcfd1b9ef344abec5ec5a1f71e9f,v1,80
dev10092022_297@yopmail.com,devapi.recruitcrm.io,191b10025cfb8a407d1248b072cba666,v1,81
dev10092022_296@yopmail.com,devapi.recruitcrm.io,638d570d99224c6e4eced8c8736a392f,v1,82
dev10092022_295@yopmail.com,devapi.recruitcrm.io,c972add275a322d1e9e435a25ae0e6ad,v1,83
dev10092022_294@yopmail.com,devapi.recruitcrm.io,b4e106e7e702c89a9b3f2c782b6c5004,v1,84
dev10092022_293@yopmail.com,devapi.recruitcrm.io,48282640c8c9e0cc160cd04374938bc2,v1,85
dev10092022_292@yopmail.com,devapi.recruitcrm.io,fe1f68bf5076eee5f5e854398a021d70,v1,86
dev10092022_291@yopmail.com,devapi.recruitcrm.io,abfed3db65366af6f3156432c4f83e7e,v1,87
dev10092022_290@yopmail.com,devapi.recruitcrm.io,40f7643a0b2d9b3869828e910ff4b905,v1,88
dev10092022_29@yopmail.com,devapi.recruitcrm.io,7d350ded67f473f401064cb9ee510c8f,v1,89
dev10092022_289@yopmail.com,devapi.recruitcrm.io,52a41623447e72ac939ddeaea29233a1,v1,90
dev10092022_288@yopmail.com,devapi.recruitcrm.io,73a0601ad1e78a0b26716336e1b4811d,v1,91
dev10092022_287@yopmail.com,devapi.recruitcrm.io,0a5893a6e5ca3b210fff5c810c2683ad,v1,92
dev10092022_286@yopmail.com,devapi.recruitcrm.io,717c8e3d1ac5297ab697d5f317901d8e,v1,93
dev10092022_285@yopmail.com,devapi.recruitcrm.io,5815b9ae275423c95c12ed8da58d6e68,v1,94
dev10092022_284@yopmail.com,devapi.recruitcrm.io,24efec7dcca57103cfaa391ce8ef5b87,v1,95
dev10092022_283@yopmail.com,devapi.recruitcrm.io,ff05b69fca450b0497eed9cf5afdb92f,v1,96
dev10092022_282@yopmail.com,devapi.recruitcrm.io,aafba276f9326314a67ff17f9255982b,v1,97
dev10092022_281@yopmail.com,devapi.recruitcrm.io,5700e2cbabad4bb6d7a3d9d4d1c2b5e0,v1,98
dev10092022_280@yopmail.com,devapi.recruitcrm.io,4fb5a2b185a192936d81178b92d62345,v1,99
dev10092022_28@yopmail.com,devapi.recruitcrm.io,15eee3b49e714181a9b3f8a4ce51cc9e,v1,100
dev10092022_279@yopmail.com,devapi.recruitcrm.io,ec70f20de0d3205ceb0608e7bfe82fa0,v1,101
dev10092022_278@yopmail.com,devapi.recruitcrm.io,c2513bd80ce5e89d712d4b26404f34e4,v1,102
dev10092022_277@yopmail.com,devapi.recruitcrm.io,a94a2dfddaccb153a4f2f010801a187e,v1,103
dev10092022_276@yopmail.com,devapi.recruitcrm.io,9e96922ab9c05fb36417408d9ecce65c,v1,104
dev10092022_275@yopmail.com,devapi.recruitcrm.io,5e823bbb38ed2580af4766099a60e594,v1,105
dev10092022_274@yopmail.com,devapi.recruitcrm.io,4ef5090bef54a8fc529de47b48ef9707,v1,106
dev10092022_273@yopmail.com,devapi.recruitcrm.io,f0a6fd3bb8392f84e79d6a1523482cae,v1,107
dev10092022_272@yopmail.com,devapi.recruitcrm.io,d12b858bfb4f6b6fa703ba9a7055f953,v1,108
dev10092022_271@yopmail.com,devapi.recruitcrm.io,e52247a3ecf2344a2fca46c78b5a8395,v1,109
dev10092022_270@yopmail.com,devapi.recruitcrm.io,7e416fcee0b9f026cba1632caa391467,v1,110
dev10092022_27@yopmail.com,devapi.recruitcrm.io,e054db4ce5133cc2ac3a60c326cd5b80,v1,111
dev10092022_269@yopmail.com,devapi.recruitcrm.io,ece1281cf6d3aa084da670efa406d723,v1,112
dev10092022_268@yopmail.com,devapi.recruitcrm.io,b29b90c59e81bae63cde41f2cbff7259,v1,113
dev10092022_267@yopmail.com,devapi.recruitcrm.io,7c4b4da65b1ea40280feb28ecc619921,v1,114
dev10092022_266@yopmail.com,devapi.recruitcrm.io,d65f90d31fc7af1287b0efd8cb02fda4,v1,115
dev10092022_265@yopmail.com,devapi.recruitcrm.io,3bdc2288ad005a03c7676ea1fc94d629,v1,116
dev10092022_264@yopmail.com,devapi.recruitcrm.io,74c20cde202d9c0276d6655356c29982,v1,117
dev10092022_263@yopmail.com,devapi.recruitcrm.io,9e2e9cb211851cab862aaf2a27d888c4,v1,118
dev10092022_262@yopmail.com,devapi.recruitcrm.io,2b1fc226c881c10a6054383a9047d946,v1,119
dev10092022_261@yopmail.com,devapi.recruitcrm.io,347635d4f01e40d2ff59916573e967b9,v1,120
dev10092022_260@yopmail.com,devapi.recruitcrm.io,483b4ecd519e4bf9e455742a9ec4f9ec,v1,121
dev10092022_26@yopmail.com,devapi.recruitcrm.io,e2a958008f450fbc29487eb3c40ed207,v1,122
dev10092022_259@yopmail.com,devapi.recruitcrm.io,4532ef078e2bdb833716f4d2f376fc75,v1,123
dev10092022_258@yopmail.com,devapi.recruitcrm.io,fef27a2aa75f67668bfab92b6fcec10b,v1,124
dev10092022_257@yopmail.com,devapi.recruitcrm.io,929b38a118071599df7fccc31289f803,v1,125
dev10092022_256@yopmail.com,devapi.recruitcrm.io,dd9e146dbdeec08f82ee0c8c48f0a542,v1,126
dev10092022_255@yopmail.com,devapi.recruitcrm.io,29548a92cc32d01610079a1b8b0b7ef9,v1,127
dev10092022_254@yopmail.com,devapi.recruitcrm.io,9c024e571e02aa661a004c5138a8c6ca,v1,128
dev10092022_253@yopmail.com,devapi.recruitcrm.io,4caeaec1762687c2be283c586bc88572,v1,129
dev10092022_252@yopmail.com,devapi.recruitcrm.io,f5f9af83ab854e00883edfde0cd4ba99,v1,130
dev10092022_251@yopmail.com,devapi.recruitcrm.io,afade5eea82e6eac81bdd0d11cebf700,v1,131
dev10092022_250@yopmail.com,devapi.recruitcrm.io,474f08f53deb436dc46dcbe0def596e6,v1,132
dev10092022_25@yopmail.com,devapi.recruitcrm.io,4b7b327c72ce356563584c353e3dc234,v1,133
dev10092022_249@yopmail.com,devapi.recruitcrm.io,04af7adc9c06a512473cd091d6b06b61,v1,134
dev10092022_248@yopmail.com,devapi.recruitcrm.io,b1a716a1ee29accb57e6da238f828420,v1,135
dev10092022_247@yopmail.com,devapi.recruitcrm.io,7faabb0551124bb1a8072ef63a397977,v1,136
dev10092022_246@yopmail.com,devapi.recruitcrm.io,52d64571b0dc02151a6d19ee8bb5f3bf,v1,137
dev10092022_245@yopmail.com,devapi.recruitcrm.io,a535afc195ae6528518acafae28474f0,v1,138
dev10092022_244@yopmail.com,devapi.recruitcrm.io,ffc521181b70dca07f91a2f5426d28f0,v1,139
dev10092022_243@yopmail.com,devapi.recruitcrm.io,0d46e7b3ef11baf317017827322a5ecd,v1,140
dev10092022_242@yopmail.com,devapi.recruitcrm.io,3d6208768b469f5a85bb2be431775397,v1,141
dev10092022_241@yopmail.com,devapi.recruitcrm.io,35473373d71cbe5071ea307583087cce,v1,142
dev10092022_240@yopmail.com,devapi.recruitcrm.io,b341770463349fb3176c4255f61c4c44,v1,143
dev10092022_24@yopmail.com,devapi.recruitcrm.io,0f9083561b5177b16c5b78e46143ec89,v1,144
dev10092022_239@yopmail.com,devapi.recruitcrm.io,f0ca68964daaaaa35dabc5bdf67ce70c,v1,145
dev10092022_238@yopmail.com,devapi.recruitcrm.io,59f8416b988c6cf6ebd98fa7a5547fb1,v1,146
dev10092022_237@yopmail.com,devapi.recruitcrm.io,88a981a44828e8ba898f65b8de3d7218,v1,147
dev10092022_236@yopmail.com,devapi.recruitcrm.io,89a5c62747a9bf38f40b613422662995,v1,148
dev10092022_235@yopmail.com,devapi.recruitcrm.io,83a6bce1582ce6bce297f71258bc654c,v1,149
dev10092022_234@yopmail.com,devapi.recruitcrm.io,f52bc02a2905004383fab090e67c4b8e,v1,150
dev10092022_233@yopmail.com,devapi.recruitcrm.io,f16ca18fa98609ed4d3adcbf88ce89a6,v1,151
dev10092022_232@yopmail.com,devapi.recruitcrm.io,25848ea3adb0314ab409c19024b77c5f,v1,152
dev10092022_231@yopmail.com,devapi.recruitcrm.io,6b8f3f91c0ad1397d519cc94600b2033,v1,153
dev10092022_230@yopmail.com,devapi.recruitcrm.io,68ab22c9db5197297a9cdc02afef4dff,v1,154
dev10092022_23@yopmail.com,devapi.recruitcrm.io,300ea17ec9c90b0283f102f32be7e4c6,v1,155
dev10092022_229@yopmail.com,devapi.recruitcrm.io,371d0b4bb65b0b18e30e4ed09600ccbf,v1,156
dev10092022_228@yopmail.com,devapi.recruitcrm.io,6e3be1021d4cfd0cec7cd03676b081c2,v1,157
dev10092022_227@yopmail.com,devapi.recruitcrm.io,4005df03f84637f27136dd7e04b7931c,v1,158
dev10092022_226@yopmail.com,devapi.recruitcrm.io,440ef21020f278697ce1c37ee5d907d1,v1,159
dev10092022_225@yopmail.com,devapi.recruitcrm.io,8e39b14bb5a140f5a61e65fcc7f61709,v1,160
dev10092022_224@yopmail.com,devapi.recruitcrm.io,3e2f99eface4f4624d2b7d3315d78c49,v1,161
dev10092022_223@yopmail.com,devapi.recruitcrm.io,886ef3f55fb0969c3d6d2cbf61f73f8e,v1,162
dev10092022_222@yopmail.com,devapi.recruitcrm.io,acc2fe273286174327ea185040d65d03,v1,163
dev10092022_221@yopmail.com,devapi.recruitcrm.io,c846ced71b8f39ec0a680cc80227c435,v1,164
dev10092022_220@yopmail.com,devapi.recruitcrm.io,c8ac191db3bfdce6d55634bcaf0645ba,v1,165
dev10092022_22@yopmail.com,devapi.recruitcrm.io,d6ef98a5bd9e87acf6673236ca2fed49,v1,166
dev10092022_219@yopmail.com,devapi.recruitcrm.io,2efd9a4f3d96dae2517acb06b55e7663,v1,167
dev10092022_218@yopmail.com,devapi.recruitcrm.io,acf0d840f67cd5df052db03909c084c4,v1,168
dev10092022_217@yopmail.com,devapi.recruitcrm.io,fdd964ddd6d0ef603a74a19782acc949,v1,169
dev10092022_216@yopmail.com,devapi.recruitcrm.io,1fed1c077f5d8e021d02ad6a3d517ca4,v1,170
dev10092022_215@yopmail.com,devapi.recruitcrm.io,6ed391f837075dc81267d94efe80b47c,v1,171
dev10092022_214@yopmail.com,devapi.recruitcrm.io,594407fb967e7de8f7acd66c3f7ed041,v1,172
dev10092022_213@yopmail.com,devapi.recruitcrm.io,97ced2e632d9ca06343d1c24a8320fbc,v1,173
dev10092022_212@yopmail.com,devapi.recruitcrm.io,efc1115291dd7bdd526b9d0fa7b0017f,v1,174
dev10092022_211@yopmail.com,devapi.recruitcrm.io,a7b915df5967a7800ef4984147cdd981,v1,175
dev10092022_210@yopmail.com,devapi.recruitcrm.io,58de9517a137850a9dbcf299889cd5dd,v1,176
dev10092022_21@yopmail.com,devapi.recruitcrm.io,8750fc5f03083a8497aaba2bc66b2eee,v1,177
dev10092022_209@yopmail.com,devapi.recruitcrm.io,7337e3adb935f7911a4f92194d975080,v1,178
dev10092022_208@yopmail.com,devapi.recruitcrm.io,fc046e771221da6a603a8e7a6b53031f,v1,179
dev10092022_207@yopmail.com,devapi.recruitcrm.io,5675695a5b4953e437e1e1c914979727,v1,180
dev10092022_206@yopmail.com,devapi.recruitcrm.io,5a9799da16efc08908c4320d683c336b,v1,181
dev10092022_205@yopmail.com,devapi.recruitcrm.io,9758e554ff73bfca7e833ae07ccf3eb6,v1,182
dev10092022_204@yopmail.com,devapi.recruitcrm.io,0b9ae25a2ca3ee1fc2ea0fba5bd7e4ca,v1,183
dev10092022_203@yopmail.com,devapi.recruitcrm.io,4d04a07c0c453b2e2aefc4387336fc95,v1,184
dev10092022_202@yopmail.com,devapi.recruitcrm.io,b88122f505279201eafdb7bdaeb87b13,v1,185
dev10092022_201@yopmail.com,devapi.recruitcrm.io,2abd1873738667519d690a414e4bea7a,v1,186
dev10092022_200@yopmail.com,devapi.recruitcrm.io,86085ea0ba09444de6788e260d4b2cc4,v1,187
dev10092022_20@yopmail.com,devapi.recruitcrm.io,579f7fbbec2b36bfba761a8062728cde,v1,188
dev10092022_2@yopmail.com,devapi.recruitcrm.io,2cc5a72c3ef2ea36bb1373b86e1fa61d,v1,189
dev10092022_199@yopmail.com,devapi.recruitcrm.io,4502e1ea4d201a2b2da56f71107f1e3f,v1,190
dev10092022_198@yopmail.com,devapi.recruitcrm.io,88f60da5edf184dacb0bfc96b4c013d6,v1,191
dev10092022_197@yopmail.com,devapi.recruitcrm.io,bef18854f9038c3893d256c0881363ad,v1,192
dev10092022_196@yopmail.com,devapi.recruitcrm.io,ee12526b87514c891c474a9b9dac46ce,v1,193
dev10092022_195@yopmail.com,devapi.recruitcrm.io,88c4e26d4c3bacd1da401372055bd85b,v1,194
dev10092022_194@yopmail.com,devapi.recruitcrm.io,448f8018c794ec0f09072048c1e10fb9,v1,195
dev10092022_193@yopmail.com,devapi.recruitcrm.io,6c7b993de2233079f7e0f0f31a1eee5e,v1,196
dev10092022_192@yopmail.com,devapi.recruitcrm.io,45fc1e7820f4a14893dccd0f2bde9cf9,v1,197
dev10092022_191@yopmail.com,devapi.recruitcrm.io,136aaf983a14af7a0b99f7431ca9e8b3,v1,198
dev10092022_190@yopmail.com,devapi.recruitcrm.io,034a933c51af96c4cde38d61bbd52474,v1,199
dev10092022_19@yopmail.com,devapi.recruitcrm.io,c8ac03f5b039678b6d645a3416284205,v1,200
dev10092022_189@yopmail.com,devapi.recruitcrm.io,a4229627ceaaa203371e7f891545e957,v1,201
dev10092022_188@yopmail.com,devapi.recruitcrm.io,210c3f1643ddbde33e1a0a8600bdf1cb,v1,202
dev10092022_187@yopmail.com,devapi.recruitcrm.io,846cdcdb7fb80c0c7db639417a09f8f5,v1,203
dev10092022_186@yopmail.com,devapi.recruitcrm.io,08cba007cb8855c3c868852197ee511b,v1,204
dev10092022_185@yopmail.com,devapi.recruitcrm.io,392e8c5f015535c413c9b05778252437,v1,205
dev10092022_184@yopmail.com,devapi.recruitcrm.io,32e90247ef594457432b876880744a9e,v1,206
dev10092022_183@yopmail.com,devapi.recruitcrm.io,8bc7c35e6654017b05dddc08391861dd,v1,207
dev10092022_182@yopmail.com,devapi.recruitcrm.io,5f5d7f7dba0c7bb7a3c8737110f06e21,v1,208
dev10092022_181@yopmail.com,devapi.recruitcrm.io,9997ce562b01cc214152151582d5ded7,v1,209
dev10092022_180@yopmail.com,devapi.recruitcrm.io,6784fcb84648a34f6d23967d20d789d6,v1,210
dev10092022_18@yopmail.com,devapi.recruitcrm.io,173f6aea3680a648f1671dd754adc32b,v1,211
dev10092022_179@yopmail.com,devapi.recruitcrm.io,3c8fdb5457e674c9ce9e304897f289cb,v1,212
dev10092022_178@yopmail.com,devapi.recruitcrm.io,fdcbfd1c04fbe3774c5d255ae76acf35,v1,213
dev10092022_177@yopmail.com,devapi.recruitcrm.io,84336ccb1f83ffeb75650d8e98d1ad03,v1,214
dev10092022_176@yopmail.com,devapi.recruitcrm.io,21746d0946a90f2546b7554c61472409,v1,215
dev10092022_175@yopmail.com,devapi.recruitcrm.io,2021d834a216fd68b79f759777e8b027,v1,216
dev10092022_174@yopmail.com,devapi.recruitcrm.io,56d18bea83838d212da4bcb49d6591e1,v1,217
dev10092022_173@yopmail.com,devapi.recruitcrm.io,f977b651b7c9305179c11314d10c749c,v1,218
dev10092022_172@yopmail.com,devapi.recruitcrm.io,5f65f4bf66a55151b1524224db782615,v1,219
dev10092022_171@yopmail.com,devapi.recruitcrm.io,574464f108c3f2c7747985de2ad8f43c,v1,220
dev10092022_170@yopmail.com,devapi.recruitcrm.io,0ec5819949c1f952805bcd896b70225f,v1,221
dev10092022_17@yopmail.com,devapi.recruitcrm.io,6713edb236a372e908d00acca67cad7a,v1,222
dev10092022_169@yopmail.com,devapi.recruitcrm.io,b219aa72a685cfd715441cf3bcb2a76d,v1,223
dev10092022_168@yopmail.com,devapi.recruitcrm.io,8a56e75989bfb372b5018413b4379966,v1,224
dev10092022_167@yopmail.com,devapi.recruitcrm.io,785edda3399b1b9a92e461ab989737b7,v1,225
dev10092022_166@yopmail.com,devapi.recruitcrm.io,4b04b37559f062be27b57cd53783d9df,v1,226
dev10092022_165@yopmail.com,devapi.recruitcrm.io,3d914931308c6adaa553a5cf9c5d2f7f,v1,227
dev10092022_164@yopmail.com,devapi.recruitcrm.io,519e40a11f9fad6dbd9bf3769148d150,v1,228
dev10092022_163@yopmail.com,devapi.recruitcrm.io,9c0676938e4aac68aa013321f63b362e,v1,229
dev10092022_162@yopmail.com,devapi.recruitcrm.io,62ceac3814f542f1618cfe3ac948649a,v1,230
dev10092022_161@yopmail.com,devapi.recruitcrm.io,690575331b985c5cde063cb6ea4d26dc,v1,231
dev10092022_160@yopmail.com,devapi.recruitcrm.io,8e054164abbb629906e47cf71fa6c30a,v1,232
dev10092022_16@yopmail.com,devapi.recruitcrm.io,6082d62fc449da849acd82e46df2bfba,v1,233
dev10092022_159@yopmail.com,devapi.recruitcrm.io,a5ff232f3d00db70c7a52a66c5bfb174,v1,234
dev10092022_158@yopmail.com,devapi.recruitcrm.io,80f615535e7d5fabe146684580540073,v1,235
dev10092022_157@yopmail.com,devapi.recruitcrm.io,1f07c0fef72722223e5a1eb476fcfcfe,v1,236
dev10092022_156@yopmail.com,devapi.recruitcrm.io,2e761a3ec531389821a3d45327a745f0,v1,237
dev10092022_155@yopmail.com,devapi.recruitcrm.io,ef2cf27659384544f1a1e7468f49a4bd,v1,238
dev10092022_154@yopmail.com,devapi.recruitcrm.io,46a5a75c4c115d6ed328ba6b218ccf8b,v1,239
dev10092022_153@yopmail.com,devapi.recruitcrm.io,6aa9acf64afc309230e65a81d6755b78,v1,240
dev10092022_152@yopmail.com,devapi.recruitcrm.io,460b6f46a82db70a7935e86c54e6d486,v1,241
dev10092022_151@yopmail.com,devapi.recruitcrm.io,bde475bed2b4fc729d225faa0bf08a2c,v1,242
dev10092022_150@yopmail.com,devapi.recruitcrm.io,14c199d58fa835b14b0f687b2bcf0d6d,v1,243
dev10092022_15@yopmail.com,devapi.recruitcrm.io,d167efa8743563b6ff7bd9477e4aec8f,v1,244
dev10092022_149@yopmail.com,devapi.recruitcrm.io,de27b17a2b47b1af0af8ae7cb201cb58,v1,245
dev10092022_148@yopmail.com,devapi.recruitcrm.io,18bb213667d007d41c90863665c259c0,v1,246
dev10092022_147@yopmail.com,devapi.recruitcrm.io,04396be395eaa5d6c509708991ea89c1,v1,247
dev10092022_146@yopmail.com,devapi.recruitcrm.io,4cf4241be13f1a2c36ca89400c478b01,v1,248
dev10092022_145@yopmail.com,devapi.recruitcrm.io,525151b0dc8ca69d0af9076c23130fa8,v1,249
dev10092022_144@yopmail.com,devapi.recruitcrm.io,5ee9d3bdc7f11eb959ebc5b9b413661b,v1,250
dev10092022_143@yopmail.com,devapi.recruitcrm.io,f655189b1389fdff9f4ea35cdd50234a,v1,251
dev10092022_142@yopmail.com,devapi.recruitcrm.io,f8a02cdce2b9e24cd07959bea2916684,v1,252
dev10092022_141@yopmail.com,devapi.recruitcrm.io,a2c06bc053beec21f6f02a8eb179b8d7,v1,253
dev10092022_140@yopmail.com,devapi.recruitcrm.io,cf23bb68ffa2cade61a6401c9c28d148,v1,254
dev10092022_14@yopmail.com,devapi.recruitcrm.io,4cb9058a963db63a54d0ee983e8b9d6a,v1,255
dev10092022_139@yopmail.com,devapi.recruitcrm.io,fba884b775e267f8c6e94d552cbdd0aa,v1,256
dev10092022_138@yopmail.com,devapi.recruitcrm.io,290f93bb31017bcb4611c09b5f4ec938,v1,257
dev10092022_137@yopmail.com,devapi.recruitcrm.io,c599c0412eed981de289093de882e6ef,v1,258
dev10092022_136@yopmail.com,devapi.recruitcrm.io,caf2adb8b7c6f962c779e3fa389208fe,v1,259
dev10092022_135@yopmail.com,devapi.recruitcrm.io,35503383cf97596db4a719bef0a1f0a9,v1,260
dev10092022_134@yopmail.com,devapi.recruitcrm.io,d92423ba3208d4bdae1790ef59352a4d,v1,261
dev10092022_133@yopmail.com,devapi.recruitcrm.io,6ed508bd4e2db2ef9c1be27c05011373,v1,262
dev10092022_132@yopmail.com,devapi.recruitcrm.io,132218f7aa27d834bbdfd28b63fd577d,v1,263
dev10092022_131@yopmail.com,devapi.recruitcrm.io,c2b7e7b974fb7119b1f8cd5814765cfe,v1,264
dev10092022_130@yopmail.com,devapi.recruitcrm.io,af204b9e00e770e6c4e7c056a62ec24e,v1,265
dev10092022_13@yopmail.com,devapi.recruitcrm.io,236c011e7942c789e9f26e28e51c1105,v1,266
dev10092022_129@yopmail.com,devapi.recruitcrm.io,af2b05f80e5abd79d4d59f015999c977,v1,267
dev10092022_128@yopmail.com,devapi.recruitcrm.io,24793b8b7c6090f2cbe1b86a5b06ab40,v1,268
dev10092022_127@yopmail.com,devapi.recruitcrm.io,46312172b7ef395f4c64d123b75ad24b,v1,269
dev10092022_126@yopmail.com,devapi.recruitcrm.io,01d313625e571d3c3358a3661c5e9e25,v1,270
dev10092022_125@yopmail.com,devapi.recruitcrm.io,57b59f8423080c7275ada2511cfddf5d,v1,271
dev10092022_124@yopmail.com,devapi.recruitcrm.io,39b3160dedfee71980a369f69c63aeae,v1,272
dev10092022_123@yopmail.com,devapi.recruitcrm.io,967179ca9b8ec8e560ee493e88600c0a,v1,273
dev10092022_122@yopmail.com,devapi.recruitcrm.io,b7d566b1b4cbf25e6938e7bff86ff6ee,v1,274
dev10092022_121@yopmail.com,devapi.recruitcrm.io,966ebe5af8d1106a517a7d20071a8765,v1,275
dev10092022_120@yopmail.com,devapi.recruitcrm.io,ab12376d3a63f11242e4b743a41baa4e,v1,276
dev10092022_12@yopmail.com,devapi.recruitcrm.io,1d54b413024196036b0bc06a82b757c2,v1,277
dev10092022_119@yopmail.com,devapi.recruitcrm.io,40d938d0817a2baf26d154a12803f9c5,v1,278
dev10092022_118@yopmail.com,devapi.recruitcrm.io,69badcf54e88ebad1199147229bcfb92,v1,279
dev10092022_117@yopmail.com,devapi.recruitcrm.io,31476365159248b5fd08da293c0531d0,v1,280
dev10092022_116@yopmail.com,devapi.recruitcrm.io,978fca2c85b5e4cae2d6fff776145aa2,v1,281
dev10092022_115@yopmail.com,devapi.recruitcrm.io,373d58d162624e38e4c946f0d02c1233,v1,282
dev10092022_114@yopmail.com,devapi.recruitcrm.io,b7eaac78c1ebb9087eb18b286aca2e05,v1,283
dev10092022_113@yopmail.com,devapi.recruitcrm.io,24ce2cd2d7e16afbe3376e42b50b5a54,v1,284
dev10092022_112@yopmail.com,devapi.recruitcrm.io,4aa82d469d5411257c58b9665aee54e0,v1,285
dev10092022_111@yopmail.com,devapi.recruitcrm.io,747e74184b60c7342d85b10489ade933,v1,286
dev10092022_110@yopmail.com,devapi.recruitcrm.io,6321118a98a3c4d31a1a447f90726932,v1,287
dev10092022_11@yopmail.com,devapi.recruitcrm.io,a83e2a49fe94799afc60a1134dd5e584,v1,288
dev10092022_109@yopmail.com,devapi.recruitcrm.io,9f6404451befcf5821e8f4c90f782823,v1,289
dev10092022_108@yopmail.com,devapi.recruitcrm.io,83e7363f193186134c1071902b025569,v1,290
dev10092022_107@yopmail.com,devapi.recruitcrm.io,378aa92a46945792f7f1a3911cd6f643,v1,291
dev10092022_106@yopmail.com,devapi.recruitcrm.io,8ba7b1b593dba1aba5501adfe4c10aa2,v1,292
dev10092022_105@yopmail.com,devapi.recruitcrm.io,c75074de645b061781ba0b7ed7fec45b,v1,293
dev10092022_104@yopmail.com,devapi.recruitcrm.io,1fc08a2cf694c846282814a8f9b8d923,v1,294
dev10092022_103@yopmail.com,devapi.recruitcrm.io,be8bf37d3eb19cb7a7a23b8fa77b1b96,v1,295
dev10092022_102@yopmail.com,devapi.recruitcrm.io,8266e481a6cf69b3ea0e7f9dddde0b0f,v1,296
dev10092022_101@yopmail.com,devapi.recruitcrm.io,123c6adf8dfdbb7488daccbb1ec654f0,v1,297
dev10092022_100@yopmail.com,devapi.recruitcrm.io,4ee62a1bc50ea0a122edbcec9fccee37,v1,298
dev10092022_10@yopmail.com,devapi.recruitcrm.io,a627efd2ca3df02fdd1bc2402ff5e146,v1,299
dev10092022_1@yopmail.com,devapi.recruitcrm.io,aa1848f38dcb72cc8d6728a567989d2c,v1,300